id,message,true_label,predicted_label,spam_probability,my_label,reason,rule
4144,"In The Simpsons Movie released in July 2007 name the band that died at the start of the film? A-Green Day, B-Blue Day, C-Red Day. (Send A, B or C)",spam,ham,0.0,,,
2402,Babe: U want me dont u baby! Im nasty and have a thing 4 filthyguys. Fancy a rude time with a sexy bitch. How about we go slo n hard! Txt XXX SLO(4msgs),spam,ham,0.0,,,
3530,"Xmas & New Years Eve tickets are now on sale from the club, during the day from 10am till 8pm, and on Thurs, Fri & Sat night this week. They're selling fast!",spam,ham,0.003,,,
4213,Missed call alert. These numbers called but left no message. 07008009200,spam,ham,0.0095,,,
1469,Hi its LUCY Hubby at meetins all day Fri & I will B alone at hotel U fancy cumin over? Pls leave msg 2day 09099726395 Lucy x Calls£1/minMobsmoreLKPOBOX177HP51FL,spam,ham,0.0114,,,
672,"SMS. ac sun0819 posts HELLO:""You seem cool, wanted to say hi. HI!!!"" Stop? Send STOP to 62468",spam,ham,0.0497,,,
5542,ASKED 3MOBILE IF 0870 CHATLINES INCLU IN FREE MINS. INDIA CUST SERVs SED YES. L8ER GOT MEGA BILL. 3 DONT GIV A SHIT. BAILIFF DUE IN DAYS. I O £250 3 WANT £800,spam,ham,0.1364,,,
4821,Check Out Choose Your Babe Videos @ sms.shsex.netUN fgkslpoPW fgkslpo,spam,ham,0.1436,,,
1663,Hi if ur lookin 4 saucy daytime fun wiv busty married woman Am free all next week Chat now 2 sort time 09099726429 JANINExx Calls£1/minMobsmoreLKPOBOX177HP51FL,spam,ham,0.3104,,,
3603,Cps is causing the outages to conserve energy.,ham,ham,0.3174,,,
1672,Glad to see your reply.,ham,ham,0.3289,,,
133,First answer my question.,ham,ham,0.3517,,,
819,Then why you not responding,ham,ham,0.3744,,,
75,I am waiting machan. Call me once you free.,ham,ham,0.3801,,,
4622,"Received, understood n acted upon!",ham,ham,0.3911,,,
822,On the road so cant txt,ham,ham,0.4366,,,
3981,ringtoneking 84484,spam,ham,0.4731,,,
4732,K:)eng rocking in ashes:),ham,ham,0.4731,,,
2269,88066 FROM 88066 LOST 3POUND HELP,spam,ham,0.4781,,,
5451,"Latest News! Police station toilet stolen, cops have nothing to go on!",spam,ham,0.4823,,,
495,Are you free now?can i call now?,ham,spam,0.5248,,,
4475,Want explicit SEX in 30 secs? Ring 02073162414 now! Costs 20p/min,spam,spam,0.5555,,,
3332,How much it will cost approx . Per month.,ham,spam,0.6314,,,
3890,Unlimited texts. Limited minutes.,ham,spam,0.7301,,,
4600,Have you laid your airtel line to rest?,ham,spam,0.7936,,,
4862,Nokia phone is lovly..,ham,spam,0.9414,,,
